images,label
Chessman-image-dataset/Chess/King/00000014.jpg,king
Chessman-image-dataset/Chess/Queen/00000022.jpg,queen
Chessman-image-dataset/Chess/Knight/00000028.jpg,knight
Chessman-image-dataset/Chess/Rook/00000120.jpg,rook
Chessman-image-dataset/Chess/Bishop/00000018.jpg,bishop
Chessman-image-dataset/Chess/Rook/00000095.jpg,rook
Chessman-image-dataset/Chess/Knight/00000154.jpg,knight
Chessman-image-dataset/Chess/Knight/00000095.jpg,knight
Chessman-image-dataset/Chess/Pawn/00000138.jpg,pawn
Chessman-image-dataset/Chess/Knight/00000037.jpg,knight
Chessman-image-dataset/Chess/Rook/00000142.jpg,rook
Chessman-image-dataset/Chess/Rook/00000006.jpg,rook
Chessman-image-dataset/Chess/Knight/00000167.jpg,knight
Chessman-image-dataset/Chess/Pawn/00000178.jpg,pawn
Chessman-image-dataset/Chess/Queen/00000018.jpg,queen
Chessman-image-dataset/Chess/Rook/00000116.jpg,rook
Chessman-image-dataset/Chess/Pawn/00000069.jpg,pawn
Chessman-image-dataset/Chess/Knight/00000038.jpg,knight
Chessman-image-dataset/Chess/King/00000019.jpg,king
Chessman-image-dataset/Chess/Pawn/00000007.jpg,pawn
Chessman-image-dataset/Chess/Bishop/00000028.jpg,bishop
Chessman-image-dataset/Chess/Knight/00000075.jpg,knight
Chessman-image-dataset/Chess/Queen/00000040.jpg,queen
Chessman-image-dataset/Chess/Knight/00000048.jpg,knight
Chessman-image-dataset/Chess/Bishop/00000007.jpg,bishop
Chessman-image-dataset/Chess/Pawn/00000074.jpg,pawn
Chessman-image-dataset/Chess/Pawn/00000059.jpg,pawn
Chessman-image-dataset/Chess/Pawn/00000133.jpg,pawn
Chessman-image-dataset/Chess/Queen/00000232.jpg,queen
Chessman-image-dataset/Chess/Rook/00000028.jpg,rook
Chessman-image-dataset/Chess/Rook/00000015.jpg,rook
Chessman-image-dataset/Chess/Knight/00000120.jpg,knight
Chessman-image-dataset/Chess/Rook/00000073.jpg,rook
Chessman-image-dataset/Chess/Bishop/00000031.jpg,bishop
Chessman-image-dataset/Chess/Knight/00000009.jpg,knight
Chessman-image-dataset/Chess/Pawn/00000028.jpg,pawn
Chessman-image-dataset/Chess/Pawn/00000154.jpg,pawn
Chessman-image-dataset/Chess/Knight/00000109.jpg,knight
Chessman-image-dataset/Chess/Pawn/00000031.jpg,pawn
Chessman-image-dataset/Chess/Knight/00000100.jpg,knight
Chessman-image-dataset/Chess/Pawn/00000134.jpg,pawn
Chessman-image-dataset/Chess/King/00000108.jpg,king
Chessman-image-dataset/Chess/King/00000022.jpg,king
Chessman-image-dataset/Chess/Knight/00000078.jpg,knight
Chessman-image-dataset/Chess/Bishop/00000115.jpg,bishop
Chessman-image-dataset/Chess/Bishop/00000149.jpg,bishop
Chessman-image-dataset/Chess/Rook/00000007.jpg,rook
Chessman-image-dataset/Chess/Bishop/00000145.jpg,bishop
Chessman-image-dataset/Chess/King/00000021.jpg,king
Chessman-image-dataset/Chess/Bishop/00000039.jpg,bishop
Chessman-image-dataset/Chess/King/00000197.jpg,king
Chessman-image-dataset/Chess/Rook/00000010.jpg,rook
Chessman-image-dataset/Chess/Rook/00000046.jpg,rook
Chessman-image-dataset/Chess/Pawn/00000192.jpg,pawn
Chessman-image-dataset/Chess/Queen/00000003.jpg,queen
Chessman-image-dataset/Chess/Knight/00000064.jpg,knight
Chessman-image-dataset/Chess/Knight/00000155.jpg,knight
Chessman-image-dataset/Chess/Rook/00000125.jpg,rook
Chessman-image-dataset/Chess/Bishop/00000194.jpg,bishop
Chessman-image-dataset/Chess/Queen/00000008.jpg,queen
Chessman-image-dataset/Chess/Pawn/00000011.jpg,pawn
Chessman-image-dataset/Chess/Pawn/00000111.jpg,pawn
Chessman-image-dataset/Chess/King/00000042.jpg,king
Chessman-image-dataset/Chess/Queen/00000116.jpg,queen
Chessman-image-dataset/Chess/Queen/00000044.jpg,queen
Chessman-image-dataset/Chess/Knight/00000197.jpg,knight
Chessman-image-dataset/Chess/Rook/00000054.jpg,rook
Chessman-image-dataset/Chess/Queen/00000098.jpg,queen
Chessman-image-dataset/Chess/Knight/00000065.jpg,knight
Chessman-image-dataset/Chess/Rook/00000127.jpg,rook
Chessman-image-dataset/Chess/King/00000000.jpg,king
Chessman-image-dataset/Chess/Rook/00000088.jpg,rook
Chessman-image-dataset/Chess/Pawn/00000177.jpg,pawn
Chessman-image-dataset/Chess/Queen/00000074.jpg,queen
Chessman-image-dataset/Chess/Pawn/00000048.jpg,pawn
Chessman-image-dataset/Chess/King/00000031.jpg,king
Chessman-image-dataset/Chess/Knight/00000118.jpg,knight
Chessman-image-dataset/Chess/Rook/00000145.jpg,rook
Chessman-image-dataset/Chess/Queen/00000005.jpg,queen
Chessman-image-dataset/Chess/Bishop/00000186.jpg,bishop
Chessman-image-dataset/Chess/Knight/00000036.jpg,knight
Chessman-image-dataset/Chess/Pawn/00000175.jpg,pawn
Chessman-image-dataset/Chess/King/00000097.jpg,king
Chessman-image-dataset/Chess/Knight/00000192.jpg,knight
Chessman-image-dataset/Chess/Pawn/00000197.jpg,pawn
Chessman-image-dataset/Chess/Queen/00000182.jpg,queen
Chessman-image-dataset/Chess/Queen/00000043.jpg,queen
Chessman-image-dataset/Chess/Queen/00000081.jpg,queen
Chessman-image-dataset/Chess/Rook/00000005.jpg,rook
Chessman-image-dataset/Chess/Knight/00000032.jpg,knight
Chessman-image-dataset/Chess/Pawn/00000193.jpg,pawn
Chessman-image-dataset/Chess/Pawn/00000141.jpg,pawn
Chessman-image-dataset/Chess/Knight/00000097.jpg,knight
Chessman-image-dataset/Chess/Queen/00000007.jpg,queen
Chessman-image-dataset/Chess/Knight/00000125.jpg,knight
Chessman-image-dataset/Chess/Queen/00000109.jpg,queen
Chessman-image-dataset/Chess/Bishop/00000195.jpg,bishop
Chessman-image-dataset/Chess/King/00000025.jpg,king
Chessman-image-dataset/Chess/Rook/00000034.jpg,rook
Chessman-image-dataset/Chess/Knight/00000187.jpg,knight
Chessman-image-dataset/Chess/Bishop/00000042.jpg,bishop
Chessman-image-dataset/Chess/Queen/00000059.jpg,queen
Chessman-image-dataset/Chess/Rook/00000020.jpg,rook
Chessman-image-dataset/Chess/Bishop/00000103.jpg,bishop
Chessman-image-dataset/Chess/Rook/00000017.jpg,rook
Chessman-image-dataset/Chess/Bishop/00000078.jpg,bishop
Chessman-image-dataset/Chess/Knight/00000089.jpg,knight
Chessman-image-dataset/Chess/Rook/00000072.jpg,rook
Chessman-image-dataset/Chess/Knight/00000041.jpg,knight
Chessman-image-dataset/Chess/Knight/00000026.jpg,knight
Chessman-image-dataset/Chess/Queen/00000037.jpg,queen
Chessman-image-dataset/Chess/Pawn/00000039.jpg,pawn
Chessman-image-dataset/Chess/Rook/00000117.jpg,rook
Chessman-image-dataset/Chess/Bishop/00000188.jpg,bishop
Chessman-image-dataset/Chess/Bishop/00000109.jpg,bishop
Chessman-image-dataset/Chess/Queen/00000196.jpg,queen
Chessman-image-dataset/Chess/King/00000175.jpg,king
Chessman-image-dataset/Chess/Rook/00000159.jpg,rook
Chessman-image-dataset/Chess/Queen/00000026.jpg,queen
Chessman-image-dataset/Chess/Bishop/00000025.jpg,bishop
Chessman-image-dataset/Chess/Knight/00000071.jpg,knight
Chessman-image-dataset/Chess/Rook/00000018.jpg,rook
Chessman-image-dataset/Chess/Rook/00000027.jpg,rook
Chessman-image-dataset/Chess/Bishop/00000013.jpg,bishop
Chessman-image-dataset/Chess/Rook/00000132.jpg,rook
Chessman-image-dataset/Chess/Knight/00000186.jpg,knight
Chessman-image-dataset/Chess/Queen/00000028.jpg,queen
Chessman-image-dataset/Chess/Pawn/00000033.jpg,pawn
Chessman-image-dataset/Chess/Pawn/00000002.jpg,pawn
Chessman-image-dataset/Chess/Rook/00000185.jpg,rook
Chessman-image-dataset/Chess/Pawn/00000180.jpg,pawn
Chessman-image-dataset/Chess/Knight/00000047.jpg,knight
Chessman-image-dataset/Chess/Pawn/00000176.jpg,pawn
Chessman-image-dataset/Chess/Bishop/00000074.jpg,bishop
Chessman-image-dataset/Chess/Rook/00000112.jpg,rook
Chessman-image-dataset/Chess/Bishop/00000177.jpg,bishop
Chessman-image-dataset/Chess/King/00000058.jpg,king
Chessman-image-dataset/Chess/Knight/00000162.jpg,knight
Chessman-image-dataset/Chess/Bishop/00000102.jpg,bishop
Chessman-image-dataset/Chess/Knight/00000046.jpg,knight
Chessman-image-dataset/Chess/Pawn/00000026.jpg,pawn
Chessman-image-dataset/Chess/Queen/00000014.jpg,queen
Chessman-image-dataset/Chess/Rook/00000074.jpg,rook
Chessman-image-dataset/Chess/Queen/00000088.jpg,queen
Chessman-image-dataset/Chess/Pawn/00000115.jpg,pawn
Chessman-image-dataset/Chess/Pawn/00000057.jpg,pawn
Chessman-image-dataset/Chess/Rook/00000071.jpg,rook
Chessman-image-dataset/Chess/Rook/00000008.jpg,rook
Chessman-image-dataset/Chess/Bishop/00000081.jpg,bishop
Chessman-image-dataset/Chess/Knight/00000066.jpg,knight
Chessman-image-dataset/Chess/Knight/00000067.jpg,knight
Chessman-image-dataset/Chess/King/00000106.jpg,king
Chessman-image-dataset/Chess/Knight/00000128.jpg,knight
Chessman-image-dataset/Chess/King/00000060.jpg,king
Chessman-image-dataset/Chess/Queen/00000006.jpg,queen
Chessman-image-dataset/Chess/Queen/00000219.jpg,queen
Chessman-image-dataset/Chess/Queen/00000052.jpg,queen
Chessman-image-dataset/Chess/Pawn/00000004.jpg,pawn
Chessman-image-dataset/Chess/Queen/00000060.jpg,queen
Chessman-image-dataset/Chess/Queen/00000062.jpg,queen
Chessman-image-dataset/Chess/Knight/00000022.jpg,knight
Chessman-image-dataset/Chess/Pawn/00000060.jpg,pawn
Chessman-image-dataset/Chess/Knight/00000134.jpg,knight
Chessman-image-dataset/Chess/Knight/00000145.jpg,knight
Chessman-image-dataset/Chess/Queen/00000173.jpg,queen
Chessman-image-dataset/Chess/Rook/00000135.jpg,rook
Chessman-image-dataset/Chess/Rook/00000035.jpg,rook
Chessman-image-dataset/Chess/Queen/00000118.jpg,queen
Chessman-image-dataset/Chess/Pawn/00000083.jpg,pawn
Chessman-image-dataset/Chess/Pawn/00000152.jpg,pawn
Chessman-image-dataset/Chess/Pawn/00000183.jpg,pawn
Chessman-image-dataset/Chess/Bishop/00000092.jpg,bishop
Chessman-image-dataset/Chess/Rook/00000077.jpg,rook
Chessman-image-dataset/Chess/Knight/00000050.jpg,knight
Chessman-image-dataset/Chess/Bishop/00000062.jpg,bishop
Chessman-image-dataset/Chess/Rook/00000024.jpg,rook
Chessman-image-dataset/Chess/Knight/00000137.jpg,knight
Chessman-image-dataset/Chess/Bishop/00000088.jpg,bishop
Chessman-image-dataset/Chess/King/00000167.jpg,king
Chessman-image-dataset/Chess/Knight/00000179.jpg,knight
Chessman-image-dataset/Chess/Pawn/00000063.jpg,pawn
Chessman-image-dataset/Chess/Bishop/00000019.jpg,bishop
Chessman-image-dataset/Chess/Queen/00000279.jpg,queen
Chessman-image-dataset/Chess/Rook/00000014.jpg,rook
Chessman-image-dataset/Chess/King/00000194.jpg,king
Chessman-image-dataset/Chess/Knight/00000173.jpg,knight
Chessman-image-dataset/Chess/King/00000172.jpg,king
Chessman-image-dataset/Chess/Pawn/00000112.jpg,pawn
Chessman-image-dataset/Chess/Rook/00000164.jpg,rook
Chessman-image-dataset/Chess/Pawn/00000174.jpg,pawn
Chessman-image-dataset/Chess/Bishop/00000094.jpg,bishop
Chessman-image-dataset/Chess/Pawn/00000117.jpg,pawn
Chessman-image-dataset/Chess/Queen/00000025.jpg,queen
Chessman-image-dataset/Chess/Knight/00000023.jpg,knight
Chessman-image-dataset/Chess/Queen/00000013.jpg,queen
Chessman-image-dataset/Chess/Pawn/00000005.jpg,pawn
Chessman-image-dataset/Chess/King/00000199.jpg,king
Chessman-image-dataset/Chess/Pawn/00000043.jpg,pawn
Chessman-image-dataset/Chess/Queen/00000077.jpg,queen
Chessman-image-dataset/Chess/Pawn/00000085.jpg,pawn
Chessman-image-dataset/Chess/Bishop/00000049.jpg,bishop
Chessman-image-dataset/Chess/Rook/00000131.jpg,rook
Chessman-image-dataset/Chess/King/00000127.jpg,king
Chessman-image-dataset/Chess/Rook/00000171.jpg,rook
Chessman-image-dataset/Chess/Rook/00000061.jpg,rook
Chessman-image-dataset/Chess/Knight/00000039.jpg,knight
Chessman-image-dataset/Chess/Rook/00000147.jpg,rook
Chessman-image-dataset/Chess/Rook/00000107.jpg,rook
Chessman-image-dataset/Chess/King/00000121.jpg,king
Chessman-image-dataset/Chess/King/00000003.jpg,king
Chessman-image-dataset/Chess/King/00000030.jpg,king
Chessman-image-dataset/Chess/Rook/00000113.jpg,rook
Chessman-image-dataset/Chess/Pawn/00000032.jpg,pawn
Chessman-image-dataset/Chess/Knight/00000018.jpg,knight
Chessman-image-dataset/Chess/King/00000032.jpg,king
Chessman-image-dataset/Chess/Pawn/00000041.jpg,pawn
Chessman-image-dataset/Chess/King/00000126.jpg,king
Chessman-image-dataset/Chess/King/00000069.jpg,king
Chessman-image-dataset/Chess/Rook/00000102.jpg,rook
Chessman-image-dataset/Chess/Knight/00000060.jpg,knight
Chessman-image-dataset/Chess/Rook/00000038.jpg,rook
Chessman-image-dataset/Chess/Rook/00000165.jpg,rook
Chessman-image-dataset/Chess/Pawn/00000019.jpg,pawn
Chessman-image-dataset/Chess/Knight/00000049.jpg,knight
Chessman-image-dataset/Chess/Knight/00000068.jpg,knight
Chessman-image-dataset/Chess/Knight/00000076.jpg,knight
Chessman-image-dataset/Chess/Queen/00000131.jpg,queen
Chessman-image-dataset/Chess/Rook/00000121.jpg,rook
Chessman-image-dataset/Chess/Rook/00000184.jpg,rook
Chessman-image-dataset/Chess/King/00000094.jpg,king
Chessman-image-dataset/Chess/King/00000134.jpg,king
Chessman-image-dataset/Chess/Pawn/00000116.jpg,pawn
Chessman-image-dataset/Chess/Bishop/00000129.jpg,bishop
Chessman-image-dataset/Chess/Bishop/00000192.jpg,bishop
Chessman-image-dataset/Chess/Queen/00000143.jpg,queen
Chessman-image-dataset/Chess/Bishop/00000114.jpg,bishop
Chessman-image-dataset/Chess/King/00000084.jpg,king
Chessman-image-dataset/Chess/Knight/00000113.jpg,knight
Chessman-image-dataset/Chess/Queen/00000010.jpg,queen
Chessman-image-dataset/Chess/Bishop/00000117.jpg,bishop
Chessman-image-dataset/Chess/Queen/00000061.jpg,queen
Chessman-image-dataset/Chess/Rook/00000136.jpg,rook
Chessman-image-dataset/Chess/Knight/00000000.jpg,knight
Chessman-image-dataset/Chess/Bishop/00000089.jpg,bishop
Chessman-image-dataset/Chess/Rook/00000189.jpg,rook
Chessman-image-dataset/Chess/Pawn/00000121.jpg,pawn
Chessman-image-dataset/Chess/Queen/00000066.jpg,queen
Chessman-image-dataset/Chess/Pawn/00000073.jpg,pawn
Chessman-image-dataset/Chess/Pawn/00000110.jpg,pawn
Chessman-image-dataset/Chess/Knight/00000165.jpg,knight
Chessman-image-dataset/Chess/Pawn/00000079.jpg,pawn
Chessman-image-dataset/Chess/King/00000007.jpg,king
Chessman-image-dataset/Chess/Knight/00000019.jpg,knight
Chessman-image-dataset/Chess/King/00000062.jpg,king
Chessman-image-dataset/Chess/Queen/00000139.jpg,queen
Chessman-image-dataset/Chess/Pawn/00000170.jpg,pawn
Chessman-image-dataset/Chess/Bishop/00000016.jpg,bishop
Chessman-image-dataset/Chess/Rook/00000050.jpg,rook
Chessman-image-dataset/Chess/Rook/00000079.jpg,rook
Chessman-image-dataset/Chess/Queen/00000204.jpg,queen
Chessman-image-dataset/Chess/Knight/00000086.jpg,knight
Chessman-image-dataset/Chess/Bishop/00000012.jpg,bishop
Chessman-image-dataset/Chess/Knight/00000013.jpg,knight
Chessman-image-dataset/Chess/Bishop/00000061.jpg,bishop
Chessman-image-dataset/Chess/King/00000054.jpg,king
Chessman-image-dataset/Chess/King/00000005.jpg,king
Chessman-image-dataset/Chess/Rook/00000051.jpg,rook
Chessman-image-dataset/Chess/Knight/00000001.jpg,knight
Chessman-image-dataset/Chess/Pawn/00000070.jpg,pawn
Chessman-image-dataset/Chess/Bishop/00000120.jpg,bishop
Chessman-image-dataset/Chess/Queen/00000195.jpg,queen
Chessman-image-dataset/Chess/Bishop/00000001.jpg,bishop
Chessman-image-dataset/Chess/Queen/00000057.jpg,queen
Chessman-image-dataset/Chess/Rook/00000118.jpg,rook
Chessman-image-dataset/Chess/Knight/00000008.jpg,knight
Chessman-image-dataset/Chess/Pawn/00000135.jpg,pawn
Chessman-image-dataset/Chess/Bishop/00000034.jpg,bishop
Chessman-image-dataset/Chess/Queen/00000012.jpg,queen
Chessman-image-dataset/Chess/Bishop/00000024.jpg,bishop
Chessman-image-dataset/Chess/Knight/00000169.jpg,knight
Chessman-image-dataset/Chess/Knight/00000043.jpg,knight
Chessman-image-dataset/Chess/Rook/00000011.jpg,rook
Chessman-image-dataset/Chess/Bishop/00000182.jpg,bishop
Chessman-image-dataset/Chess/King/00000072.jpg,king
Chessman-image-dataset/Chess/Queen/00000094.jpg,queen
Chessman-image-dataset/Chess/Rook/00000101.jpg,rook
Chessman-image-dataset/Chess/Pawn/00000058.jpg,pawn
Chessman-image-dataset/Chess/King/00000144.jpg,king
Chessman-image-dataset/Chess/Queen/00000151.jpg,queen
Chessman-image-dataset/Chess/King/00000142.jpg,king
Chessman-image-dataset/Chess/Bishop/00000121.jpg,bishop
Chessman-image-dataset/Chess/Rook/00000075.jpg,rook
Chessman-image-dataset/Chess/Rook/00000163.jpg,rook
Chessman-image-dataset/Chess/Pawn/00000097.jpg,pawn
Chessman-image-dataset/Chess/Rook/00000086.jpg,rook
Chessman-image-dataset/Chess/Pawn/00000122.jpg,pawn
Chessman-image-dataset/Chess/King/00000075.jpg,king
Chessman-image-dataset/Chess/Pawn/00000139.jpg,pawn
Chessman-image-dataset/Chess/King/00000065.jpg,king
Chessman-image-dataset/Chess/Knight/00000112.jpg,knight
Chessman-image-dataset/Chess/Pawn/00000067.jpg,pawn
Chessman-image-dataset/Chess/Bishop/00000199.jpg,bishop
Chessman-image-dataset/Chess/Knight/00000024.jpg,knight
Chessman-image-dataset/Chess/Bishop/00000112.jpg,bishop
Chessman-image-dataset/Chess/Pawn/00000035.jpg,pawn
Chessman-image-dataset/Chess/Rook/00000180.jpg,rook
Chessman-image-dataset/Chess/Rook/00000044.jpg,rook
Chessman-image-dataset/Chess/Pawn/00000029.jpg,pawn
Chessman-image-dataset/Chess/Queen/00000193.jpg,queen
Chessman-image-dataset/Chess/Pawn/00000010.jpg,pawn
Chessman-image-dataset/Chess/Knight/00000017.jpg,knight
Chessman-image-dataset/Chess/Bishop/00000189.jpg,bishop
Chessman-image-dataset/Chess/Knight/00000098.jpg,knight
Chessman-image-dataset/Chess/Pawn/00000196.jpg,pawn
Chessman-image-dataset/Chess/Rook/00000045.jpg,rook
Chessman-image-dataset/Chess/Rook/00000119.jpg,rook
Chessman-image-dataset/Chess/Rook/00000063.jpg,rook
Chessman-image-dataset/Chess/Queen/00000072.jpg,queen
Chessman-image-dataset/Chess/Knight/00000177.jpg,knight
Chessman-image-dataset/Chess/Bishop/00000020.jpg,bishop
Chessman-image-dataset/Chess/Pawn/00000113.jpg,pawn
Chessman-image-dataset/Chess/Knight/00000106.jpg,knight
Chessman-image-dataset/Chess/Knight/00000123.jpg,knight
Chessman-image-dataset/Chess/Queen/00000064.jpg,queen
Chessman-image-dataset/Chess/King/00000086.jpg,king
Chessman-image-dataset/Chess/Knight/00000081.jpg,knight
Chessman-image-dataset/Chess/Bishop/00000110.jpg,bishop
Chessman-image-dataset/Chess/Rook/00000160.jpg,rook
Chessman-image-dataset/Chess/Bishop/00000037.jpg,bishop
Chessman-image-dataset/Chess/Rook/00000082.jpg,rook
Chessman-image-dataset/Chess/Pawn/00000013.jpg,pawn
Chessman-image-dataset/Chess/King/00000056.jpg,king
Chessman-image-dataset/Chess/Queen/00000086.jpg,queen
Chessman-image-dataset/Chess/Pawn/00000182.jpg,pawn
Chessman-image-dataset/Chess/Rook/00000021.jpg,rook
Chessman-image-dataset/Chess/Bishop/00000079.jpg,bishop
Chessman-image-dataset/Chess/Bishop/00000010.jpg,bishop
Chessman-image-dataset/Chess/Pawn/00000017.jpg,pawn
Chessman-image-dataset/Chess/Rook/00000019.jpg,rook
Chessman-image-dataset/Chess/Knight/00000029.jpg,knight
Chessman-image-dataset/Chess/Knight/00000149.jpg,knight
Chessman-image-dataset/Chess/King/00000124.jpg,king
Chessman-image-dataset/Chess/Bishop/00000011.jpg,bishop
Chessman-image-dataset/Chess/Pawn/00000137.jpg,pawn
Chessman-image-dataset/Chess/Rook/00000033.jpg,rook
Chessman-image-dataset/Chess/Bishop/00000004.jpg,bishop
Chessman-image-dataset/Chess/Pawn/00000016.jpg,pawn
Chessman-image-dataset/Chess/Rook/00000083.jpg,rook
Chessman-image-dataset/Chess/Pawn/00000114.jpg,pawn
Chessman-image-dataset/Chess/Bishop/00000175.jpg,bishop
Chessman-image-dataset/Chess/Rook/00000168.jpg,rook
Chessman-image-dataset/Chess/Bishop/00000178.jpg,bishop
Chessman-image-dataset/Chess/Knight/00000190.jpg,knight
Chessman-image-dataset/Chess/Bishop/00000026.jpg,bishop
Chessman-image-dataset/Chess/Bishop/00000082.jpg,bishop
Chessman-image-dataset/Chess/Bishop/00000008.jpg,bishop
Chessman-image-dataset/Chess/Knight/00000059.jpg,knight
Chessman-image-dataset/Chess/Rook/00000114.jpg,rook
Chessman-image-dataset/Chess/Bishop/00000167.jpg,bishop
Chessman-image-dataset/Chess/Pawn/00000199.jpg,pawn
Chessman-image-dataset/Chess/Pawn/00000107.jpg,pawn
Chessman-image-dataset/Chess/King/00000146.jpg,king
Chessman-image-dataset/Chess/King/00000037.jpg,king
Chessman-image-dataset/Chess/Pawn/00000109.jpg,pawn
Chessman-image-dataset/Chess/Rook/00000195.jpg,rook
Chessman-image-dataset/Chess/Bishop/00000066.jpg,bishop
Chessman-image-dataset/Chess/Pawn/00000055.jpg,pawn
Chessman-image-dataset/Chess/King/00000061.jpg,king
Chessman-image-dataset/Chess/King/00000173.jpg,king
Chessman-image-dataset/Chess/Knight/00000088.jpg,knight
Chessman-image-dataset/Chess/King/00000036.jpg,king
Chessman-image-dataset/Chess/Knight/00000002.jpg,knight
Chessman-image-dataset/Chess/Queen/00000199.jpg,queen
Chessman-image-dataset/Chess/Pawn/00000099.jpg,pawn
Chessman-image-dataset/Chess/King/00000137.jpg,king
Chessman-image-dataset/Chess/Rook/00000059.jpg,rook
Chessman-image-dataset/Chess/Bishop/00000127.jpg,bishop
Chessman-image-dataset/Chess/Rook/00000031.jpg,rook
Chessman-image-dataset/Chess/Knight/00000021.jpg,knight
Chessman-image-dataset/Chess/Bishop/00000193.jpg,bishop
Chessman-image-dataset/Chess/Knight/00000030.jpg,knight
Chessman-image-dataset/Chess/King/00000044.jpg,king
Chessman-image-dataset/Chess/Rook/00000049.jpg,rook
Chessman-image-dataset/Chess/King/00000071.jpg,king
Chessman-image-dataset/Chess/Pawn/00000012.jpg,pawn
Chessman-image-dataset/Chess/Pawn/00000084.jpg,pawn
Chessman-image-dataset/Chess/Pawn/00000078.jpg,pawn
Chessman-image-dataset/Chess/Rook/00000076.jpg,rook
Chessman-image-dataset/Chess/Knight/00000099.jpg,knight
Chessman-image-dataset/Chess/Queen/00000015.jpg,queen
Chessman-image-dataset/Chess/Pawn/00000157.jpg,pawn
Chessman-image-dataset/Chess/Queen/00000221.jpg,queen
Chessman-image-dataset/Chess/Pawn/00000000.jpg,pawn
Chessman-image-dataset/Chess/Rook/00000058.jpg,rook
Chessman-image-dataset/Chess/Queen/00000087.jpg,queen
Chessman-image-dataset/Chess/King/00000012.jpg,king
Chessman-image-dataset/Chess/Queen/00000051.jpg,queen
Chessman-image-dataset/Chess/Rook/00000053.jpg,rook
Chessman-image-dataset/Chess/King/00000192.jpg,king
Chessman-image-dataset/Chess/Knight/00000142.jpg,knight
Chessman-image-dataset/Chess/Knight/00000141.jpg,knight
Chessman-image-dataset/Chess/Queen/00000001.jpg,queen
Chessman-image-dataset/Chess/Knight/00000114.jpg,knight
Chessman-image-dataset/Chess/Pawn/00000161.jpg,pawn
Chessman-image-dataset/Chess/Bishop/00000075.jpg,bishop
Chessman-image-dataset/Chess/Knight/00000092.jpg,knight
Chessman-image-dataset/Chess/Rook/00000022.jpg,rook
Chessman-image-dataset/Chess/Pawn/00000171.jpg,pawn
Chessman-image-dataset/Chess/Bishop/00000174.jpg,bishop
Chessman-image-dataset/Chess/Bishop/00000168.jpg,bishop
Chessman-image-dataset/Chess/Queen/00000162.jpg,queen
Chessman-image-dataset/Chess/Bishop/00000006.jpg,bishop
Chessman-image-dataset/Chess/Queen/00000011.jpg,queen
Chessman-image-dataset/Chess/Queen/00000167.jpg,queen
Chessman-image-dataset/Chess/King/00000088.jpg,king
Chessman-image-dataset/Chess/King/00000087.jpg,king
Chessman-image-dataset/Chess/Bishop/00000138.jpg,bishop
Chessman-image-dataset/Chess/Pawn/00000072.jpg,pawn
Chessman-image-dataset/Chess/Rook/00000065.jpg,rook
Chessman-image-dataset/Chess/Queen/00000041.jpg,queen
Chessman-image-dataset/Chess/King/00000102.jpg,king
Chessman-image-dataset/Chess/Knight/00000196.jpg,knight
Chessman-image-dataset/Chess/Bishop/00000158.jpg,bishop
Chessman-image-dataset/Chess/Pawn/00000140.jpg,pawn
Chessman-image-dataset/Chess/King/00000096.jpg,king
Chessman-image-dataset/Chess/Pawn/00000082.jpg,pawn
Chessman-image-dataset/Chess/King/00000045.jpg,king
Chessman-image-dataset/Chess/Knight/00000012.jpg,knight
Chessman-image-dataset/Chess/Bishop/00000017.jpg,bishop
Chessman-image-dataset/Chess/Queen/00000214.jpg,queen
Chessman-image-dataset/Chess/Bishop/00000070.jpg,bishop
Chessman-image-dataset/Chess/King/00000004.jpg,king
Chessman-image-dataset/Chess/Rook/00000016.jpg,rook
Chessman-image-dataset/Chess/Knight/00000094.jpg,knight
Chessman-image-dataset/Chess/Queen/00000127.jpg,queen
Chessman-image-dataset/Chess/Knight/00000122.jpg,knight
Chessman-image-dataset/Chess/Knight/00000146.jpg,knight
Chessman-image-dataset/Chess/Pawn/00000020.jpg,pawn
Chessman-image-dataset/Chess/Pawn/00000166.jpg,pawn
Chessman-image-dataset/Chess/Pawn/00000169.jpg,pawn
Chessman-image-dataset/Chess/Rook/00000004.jpg,rook
Chessman-image-dataset/Chess/Knight/00000101.jpg,knight
Chessman-image-dataset/Chess/Knight/00000074.jpg,knight
Chessman-image-dataset/Chess/Queen/00000036.jpg,queen
Chessman-image-dataset/Chess/Rook/00000097.jpg,rook
Chessman-image-dataset/Chess/Queen/00000021.jpg,queen
Chessman-image-dataset/Chess/King/00000015.jpg,king
Chessman-image-dataset/Chess/Knight/00000006.jpg,knight
Chessman-image-dataset/Chess/Knight/00000055.jpg,knight
Chessman-image-dataset/Chess/Knight/00000079.jpg,knight
Chessman-image-dataset/Chess/Pawn/00000022.jpg,pawn
Chessman-image-dataset/Chess/Pawn/00000071.jpg,pawn
Chessman-image-dataset/Chess/Queen/00000017.jpg,queen
Chessman-image-dataset/Chess/Rook/00000197.jpg,rook
Chessman-image-dataset/Chess/Bishop/00000126.jpg,bishop
Chessman-image-dataset/Chess/Rook/00000032.jpg,rook
Chessman-image-dataset/Chess/King/00000128.jpg,king
Chessman-image-dataset/Chess/Queen/00000023.jpg,queen
Chessman-image-dataset/Chess/King/00000043.jpg,king
Chessman-image-dataset/Chess/Rook/00000099.jpg,rook
Chessman-image-dataset/Chess/Knight/00000181.jpg,knight
Chessman-image-dataset/Chess/Knight/00000133.jpg,knight
Chessman-image-dataset/Chess/Queen/00000119.jpg,queen
Chessman-image-dataset/Chess/Knight/00000090.jpg,knight
Chessman-image-dataset/Chess/Bishop/00000169.jpg,bishop
